{"snp_m1": -0.011381397443, "snp_m2": -0.00318472489586, "nyse_m1": -0.0122561131386, "nyse_m2": -0.00311830464655,  "djia_m1": -0.00814669586107, "djia_m2": -0.00327516443468, "nikkei_m0": -0.0112286842277, "nikkei_m1": -0.00618448662269, "hangseng_m0": -0.00516025557739, "hangseng_m1": -0.0172446189673, "ftse_m0": -0.0096349683829, "ftse_m1": -0.0023942318244, "dax_m0" : -0.00664421427352, "dax_m1" : -0.00410411743843, "aord_m0" : -0.00791849937675, "aord_m1" : -0.0071570640642}